control_id,control_name,process,risk,control_description,control_type,test_procedure,population_description,population_size,loans_with_exceptions,exception_loan_periods,impact_net_window_inr,impact_gross_window_inr,impact_net_fy_inr,impact_gross_fy_inr,conclusion,deficiency_classification,recommendation
C-01,Rate application,Loans & Advances - Interest income recognition,"Interest is computed at a rate other than the contracted rate (benchmark + spread + risk premium, or fixed rate), misstating interest income and overcharging/undercharging customers.",The core banking system (CBS) derives the loan rate automatically from the product master and the sanctioned risk premium at account set-up.,Automated (ITAC),Full-population recalculation of interest for every loan-period from contract terms; exceptions re-performed under a solved 'implied spread' hypothesis.,All loan-periods (rate applied every period),1296378,183,4568,1877768.54,3114423.24,759052.79,1235489.49,Deficient,Control deficiency (below clearly trivial; systematic),Reconcile CBS account-level rates to sanction letters for the population flagged; add a system validation that the account rate equals the product-derived rate at set-up and on every rate change.
C-02,Reset timing,Loans & Advances - Interest income recognition,"Floating-rate loans are repriced late, so benchmark changes (e.g. RBI repo moves) reach borrowers after the contracted reset date - a regulatory issue under the EBLR framework and an income misstatement.",CBS resets floating rates automatically on each loan's reset date using the benchmark in force on that date.,Automated (ITAC),Recalculated reset dates from disbursal anniversaries and reset frequency; benchmark looked up on the reset date from the RBI repo history; exceptions re-performed under a 'one cycle late' hypothesis.,Rate reset events on floating loans,236122,159,3685,-2032037.51,2485976.75,-334016.67,466215.28,Deficient,Significant deficiency (qualitative: regulatory / ITGC),Review the CBS batch job that applies resets (run date vs value date); re-price affected accounts and refund/recover differences; add a reset-exception report reviewed monthly.
C-03,Day-count convention,Loans & Advances - Interest income recognition,The wrong day-count basis (e.g. 30/360 instead of Actual/365) misstates daily accrual.,CBS applies the day-count convention defined per product in the product master.,Automated (ITAC),Recalculated accrual under each product's documented convention; exceptions re-performed under 30E/360.,All loan-periods,1296378,183,4891,-18148.34,29464.26,-6414.67,93751.48,Deficient,Control deficiency (below clearly trivial; systematic),Correct the day-count parameter for the affected account group (appears to be a legacy migration batch); test the parameter for all products.
C-04,Moratorium interest,Loans & Advances - Interest income recognition,"Interest during a moratorium is capitalised monthly (interest on interest), contrary to the product terms.",CBS accrues moratorium interest as simple interest to a separate non-interest-bearing bucket.,Automated (ITAC),Recalculated moratorium accrual as simple interest; exceptions re-performed with monthly capitalisation.,Loan-periods inside a moratorium,8855,149,4646,1825469.65,1825469.65,650090.06,650111.92,Deficient,Control deficiency (below clearly trivial; systematic),Fix the moratorium accrual routine; quantify and refund compounded interest to affected borrowers.
C-05,Penal charges,Loans & Advances - Interest income recognition,"Penal charges are levied as penal interest (added to the rate) or capitalised, contrary to RBI's Fair Lending Practice - Penal Charges circular (18-Aug-2023; effective 01-Apr-2024, existing loans by 30-Jun-2024).","CBS books a fixed penal charge per bounced instalment to a separate receivable, with no interest on it.",Automated (ITAC),Recalculated penal charges for every bounced instalment from the transaction file; exceptions re-performed as capitalisation or as penal interest at 1-3% p.a.,"Bounced instalments (5,517 under the 2024 penal-charge regime)",16558,151,940,211296.56,235245.72,151689.8,249291.07,Deficient,Significant deficiency (qualitative: regulatory / ITGC),Complete the penal-charge regime migration for residual accounts; report the breach to Compliance; refund excess charges.
C-06,Rounding,Loans & Advances - Interest income recognition,"Interest is rounded daily instead of once per billing period, creating systematic small differences.",CBS rounds interest half-up to 2 decimals once per billing period.,Automated (ITAC),"Recalculated with period-level rounding; exceptions re-performed with daily rounding at 0, 1 and 2 decimals.",All loan-periods,1296378,163,3811,-440.45,9249.21,217.31,10573.04,Deficient,Control deficiency (below clearly trivial; systematic),Align the rounding parameter for the affected accounts; low monetary impact but indicates inconsistent configuration.
C-07,Product master change (ITGC dependency),Loans & Advances - Interest income recognition,A product master change (spread cut on HL-FLT from 01-Oct-2023) is not propagated to existing accounts - an ITGC change-management failure flowing into an application control.,Approved product master changes are applied to all accounts at their next reset (ITAC relies on ITGC change management).,ITGC-dependent automated control,Recalculated rates using the product master spread history; exceptions re-performed with the pre-change spread retained.,HL-FLT resets on/after the 01-Oct-2023 spread change (pre-change loans),77292,153,3028,2431337.39,2431337.39,1496137.82,1507162.89,Deficient,Significant deficiency (qualitative: regulatory / ITGC),Inspect the change ticket and post-implementation review for the 01-Oct-2023 change; extend ITGC testing to other parameter changes in the period; re-price affected accounts.
C-08,Accrual stop on closure,Loans & Advances - Interest income recognition,Interest continues to accrue after a loan is fully prepaid or closed.,CBS stops accrual on the value date of closure.,Automated (ITAC),Recalculated accrual up to the closure value date; exceptions re-performed with accrual to period end.,Loan closures in window (prepayment or maturity),19521,155,267,804810.52,804810.52,364303.68,364470.89,Deficient,Control deficiency (below clearly trivial; systematic),Fix value-dating of full prepayments; reverse post-closure interest and refund borrowers.
C-09,Leap-year handling,Loans & Advances - Interest income recognition,"ACT/ACT products use a 365-day year in leap years, overstating interest in 2024.",CBS uses the actual number of days in the year (366 in leap years) for ACT/ACT products.,Automated (ITAC),Recalculated 2024 accruals on a 366-day basis; exceptions re-performed with a 365-day basis.,ACT/ACT loan-periods in leap year 2024,79462,161,2697,92685.06,92685.06,67574.84,68837.57,Deficient,Control deficiency (below clearly trivial; systematic),Correct the year-basis parameter; reverse 2024 over-accrual for affected MSME accounts.
