loan_id,control_id,impact_inr
LN0000058,C-02,-18169.38
LN0000061,C-02,-6792.31
LN0000091,C-02,-6298.42
LN0000121,C-04,11789.01
LN0000122,C-06,-125.44
LN0000136,C-09,861.88
LN0000175,C-02,-20834.58
LN0000179,C-01,-45310.69
LN0000245,C-04,9151.4
LN0000248,C-07,14585.42
LN0000271,C-01,-47.91
LN0000292,C-04,7894.42
LN0000316,C-08,696.16
LN0000384,C-02,-76403.03
LN0000387,C-08,694.74
LN0000419,C-06,-117.57
LN0000428,C-05,7709.02
LN0000458,C-07,21590.84
LN0000513,C-08,1566.06
LN0000552,C-03,150.52
LN0000586,C-03,235.7
LN0000600,C-02,-53622.61
LN0000627,C-09,397.49
LN0000652,C-09,612.69
LN0000661,C-03,40.6
LN0000683,C-04,15502.41
LN0000704,C-03,333.47
LN0000715,C-05,2948.49
LN0000715,C-07,9780.79
LN0000746,C-01,865.35
LN0000748,C-03,35.74
LN0000826,C-06,-30.31
LN0000830,C-08,669.3
LN0000849,C-05,8.91
LN0000849,C-09,135.41
LN0000877,C-07,9997.14
LN0000887,C-09,147.01
LN0000894,C-03,89.93
LN0001009,C-05,5.7
LN0001025,C-07,33829.91
LN0001095,C-05,-750.0
LN0001109,C-08,12760.62
LN0001124,C-08,1137.27
LN0001145,C-06,28.6
LN0001151,C-03,16.4
LN0001203,C-03,390.12
LN0001220,C-04,13008.6
LN0001292,C-02,-18734.73
LN0001457,C-07,39751.6
LN0001470,C-05,1744.8400000000001
LN0001531,C-06,-50.98
LN0001564,C-07,19184.18
LN0001653,C-04,13070.2
LN0001655,C-09,265.32
LN0001660,C-04,1111.91
LN0001660,C-09,152.0
LN0001678,C-01,44511.29
LN0001729,C-09,1.81
LN0001760,C-07,6410.06
LN0001941,C-09,160.11
LN0001948,C-01,366.54
LN0002009,C-06,-87.53
LN0002009,C-07,17557.0
LN0002021,C-03,1173.2
LN0002021,C-06,6.19
LN0002024,C-06,-0.04
LN0002029,C-01,239.47
LN0002063,C-01,-1175.63
LN0002122,C-07,12349.77
LN0002131,C-06,36.8
LN0002242,C-07,20402.57
LN0002245,C-04,76067.97
LN0002452,C-07,13538.07
LN0002464,C-06,63.22
LN0002491,C-01,10009.7
LN0002516,C-07,17297.89
LN0002563,C-02,-13714.3
LN0002563,C-09,540.3
LN0002676,C-07,38884.51
LN0002710,C-02,-15176.89
LN0002750,C-06,171.92
LN0002793,C-04,629.35
LN0002793,C-09,24.49
LN0002802,C-03,-168.22
LN0002812,C-06,-200.81
LN0002843,C-06,40.11
LN0002852,C-04,30611.28
LN0002873,C-04,2947.63
LN0002897,C-08,462.0
LN0002961,C-02,-14937.71
LN0002972,C-05,9.83
LN0003067,C-09,20.82
LN0003068,C-06,-38.61
LN0003072,C-09,1001.49
LN0003120,C-03,-254.95
LN0003208,C-06,-95.98
LN0003214,C-06,57.96
LN0003275,C-06,23.87
LN0003322,C-06,113.86
LN0003324,C-03,-673.19
LN0003360,C-01,1300.61
LN0003364,C-06,-179.96
LN0003365,C-01,154.97
LN0003380,C-08,17691.24
LN0003413,C-06,-19.41
LN0003455,C-01,14647.84
LN0003472,C-01,426.18
LN0003503,C-03,-104.34
LN0003526,C-06,91.96
LN0003531,C-04,810.45
LN0003538,C-08,640.24
LN0003564,C-09,144.36
LN0003593,C-01,145570.6
LN0003611,C-01,13907.57
LN0003629,C-01,73.71
LN0003631,C-07,18618.86
LN0003706,C-02,-6919.7
LN0003744,C-05,5.97
LN0003757,C-05,2752.13
LN0003818,C-02,-44796.03
LN0003821,C-08,1766.31
LN0003917,C-08,907.84
LN0003917,C-01,-275.92
LN0004031,C-09,395.16
LN0004076,C-01,21682.06
LN0004104,C-07,12942.03
LN0004106,C-01,16923.52
LN0004107,C-02,-16394.15
LN0004132,C-03,-87.06
LN0004162,C-04,725.04
LN0004162,C-08,742.01
LN0004275,C-02,-41037.59
LN0004339,C-08,785.35
LN0004362,C-07,15456.64
LN0004410,C-08,1799.55
LN0004470,C-02,-26958.19
LN0004527,C-03,-118.12
LN0004586,C-04,8799.29
LN0004595,C-05,-665.8399999999999
LN0004618,C-08,9072.3
LN0004630,C-01,97521.76
LN0004656,C-03,-63.37
LN0004659,C-03,-225.58
LN0004682,C-07,26415.09
LN0004697,C-03,-116.06
LN0004747,C-04,3128.0
LN0004769,C-03,-185.64
LN0004773,C-03,-205.92
LN0004783,C-06,-129.65
LN0004907,C-09,262.0
LN0004918,C-01,-869.12
LN0004921,C-01,-989.6
LN0004965,C-05,22.99
LN0005023,C-03,-171.33
LN0005036,C-07,7675.33
LN0005053,C-09,947.99
LN0005072,C-07,5283.14
LN0005079,C-02,-39171.51
LN0005084,C-09,46.47
LN0005111,C-07,12725.39
LN0005114,C-02,-34851.73
LN0005212,C-05,12.06
LN0005221,C-05,5751.98
LN0005223,C-09,945.56
LN0005311,C-08,3687.57
LN0005383,C-02,-24105.55
LN0005436,C-08,574.93
LN0005464,C-09,8.67
LN0005500,C-07,5278.36
LN0005512,C-09,104.44
LN0005518,C-06,11.11
LN0005541,C-02,-32905.97
LN0005562,C-01,8955.49
LN0005631,C-02,-24766.4
LN0005651,C-08,328.37
LN0005655,C-01,-24025.36
LN0005681,C-06,24.83
LN0005757,C-03,-155.71
LN0005777,C-06,28.47
LN0005815,C-02,-123487.46
LN0005817,C-07,9558.32
LN0005830,C-02,-10632.36
LN0005878,C-09,2.06
LN0005892,C-03,-100.7
LN0005910,C-01,-108289.87
LN0005994,C-05,3890.41
LN0006021,C-03,-125.28
LN0006071,C-03,-45.02
LN0006105,C-01,-940.41
LN0006247,C-01,-12873.85
LN0006320,C-04,5171.41
LN0006353,C-04,4770.76
LN0006361,C-07,11273.35
LN0006370,C-04,888.67
LN0006370,C-06,194.47
LN0006374,C-08,6398.2
LN0006404,C-05,2526.07
LN0006428,C-01,6739.5
LN0006431,C-06,210.41
LN0006471,C-02,-61640.08
LN0006574,C-03,-39.18
LN0006574,C-08,1029.26
LN0006586,C-07,12352.74
LN0006642,C-01,-53675.32
LN0006729,C-03,-134.15
LN0006843,C-04,515.47
LN0006849,C-06,-36.02
LN0006912,C-01,-21741.97
LN0006915,C-02,-15726.32
LN0006922,C-06,44.65
LN0006941,C-08,337.72
LN0006960,C-02,-11233.67
LN0006963,C-04,15959.5
LN0007089,C-07,2336.96
LN0007131,C-07,30395.01
LN0007192,C-08,683.35
LN0007213,C-05,6.08
LN0007223,C-09,89.25
LN0007240,C-02,-12185.86
LN0007272,C-04,12925.26
LN0007295,C-03,-302.37
LN0007307,C-07,11565.88
LN0007443,C-09,107.22
LN0007454,C-03,-182.69
LN0007459,C-01,252.34
LN0007463,C-01,-82.26
LN0007477,C-04,8167.61
LN0007481,C-06,109.45
LN0007510,C-04,17227.3
LN0007544,C-08,777.71
LN0007557,C-02,-69202.81
LN0007562,C-07,8498.44
LN0007615,C-09,71.26
LN0007655,C-08,2069.47
LN0007683,C-06,69.88
LN0007691,C-01,2548.65
LN0007736,C-03,-187.12
LN0007780,C-04,5707.13
LN0007817,C-02,-6790.56
LN0007819,C-01,12625.39
LN0007858,C-09,476.31
LN0007861,C-09,199.6
LN0007886,C-07,9637.75
LN0007964,C-02,-24644.63
LN0007977,C-06,-80.38
LN0008002,C-04,6351.93
LN0008045,C-06,31.81
LN0008055,C-09,162.93
LN0008106,C-06,-40.38
LN0008336,C-07,18799.99
LN0008353,C-09,910.53
LN0008358,C-01,-1589.1
LN0008372,C-07,14712.84
LN0008423,C-02,-6745.04
LN0008431,C-03,-42.18
LN0008513,C-01,-1563.44
LN0008589,C-03,-120.8
LN0008610,C-06,128.55
LN0008617,C-02,-11960.02
LN0008620,C-02,-19417.68
LN0008629,C-03,-66.34
LN0008660,C-03,-538.63
LN0008673,C-04,3158.52
LN0008687,C-07,16547.48
LN0008701,C-06,9.37
LN0008708,C-04,2577.68
LN0008716,C-02,-125862.43
LN0008753,C-07,42861.16
LN0008816,C-08,10904.69
LN0008820,C-03,-55.6
LN0008821,C-03,-50.16
LN0008831,C-07,14648.17
LN0008835,C-04,3021.7
LN0008889,C-02,-30426.57
LN0008896,C-02,-17522.5
LN0008899,C-01,1944.77
LN0008901,C-03,-56.02
LN0008921,C-07,21418.37
LN0008962,C-01,49101.14
LN0008975,C-01,376.3
LN0009006,C-04,1229.39
LN0009039,C-04,3714.1
LN0009045,C-09,105.01
LN0009072,C-07,19098.3
LN0009083,C-09,552.21
LN0009130,C-03,-84.9
LN0009170,C-03,-100.11
LN0009238,C-03,-36.69
LN0009253,C-07,15715.49
LN0009347,C-07,15917.2
LN0009351,C-04,3847.33
LN0009419,C-08,721.65
LN0009439,C-08,10561.9
LN0009529,C-04,18920.25
LN0009578,C-01,55935.11
LN0009588,C-09,335.02
LN0009614,C-07,7062.08
LN0009676,C-09,37.47
LN0009729,C-08,2211.0
LN0009770,C-01,84287.42
LN0009782,C-09,869.52
LN0009791,C-01,1073.23
LN0009886,C-05,4771.2
LN0009939,C-01,96.88
LN0009974,C-08,4763.84
LN0009980,C-07,9048.38
LN0009987,C-09,316.64
LN0010021,C-05,6.12
LN0010023,C-01,71929.09
LN0010085,C-04,1708.9
LN0010102,C-09,1433.78
LN0010134,C-01,18928.16
LN0010204,C-07,24286.44
LN0010257,C-05,8.85
LN0010257,C-09,229.62
LN0010261,C-05,-802.74
LN0010278,C-07,21070.26
LN0010373,C-01,30006.5
LN0010399,C-01,9.0
LN0010410,C-05,1429.85
LN0010414,C-05,5.59
LN0010469,C-01,19781.17
LN0010490,C-01,71.73
LN0010508,C-09,366.94
LN0010579,C-03,-30.62
LN0010598,C-01,23187.01
LN0010621,C-08,1403.7
LN0010709,C-05,6.35
LN0010719,C-06,88.82
LN0010724,C-02,-12951.04
LN0010724,C-07,7553.85
LN0010773,C-04,9347.67
LN0010780,C-03,-47.82
LN0010796,C-07,9094.23
LN0010801,C-04,9386.64
LN0010804,C-02,-4659.47
LN0010811,C-06,-3.95
LN0010836,C-04,10334.06
LN0010857,C-03,245.96
LN0010877,C-06,72.78
LN0010892,C-03,-31.61
LN0010906,C-07,11450.17
LN0010916,C-05,20.24
LN0010931,C-03,-79.26
LN0011044,C-03,83.11
LN0011055,C-02,-11602.95
LN0011070,C-09,98.91
LN0011144,C-07,9553.27
LN0011150,C-08,3979.94
LN0011164,C-03,-23.78
LN0011165,C-03,-25.42
LN0011169,C-03,-120.69
LN0011201,C-03,-138.49
LN0011228,C-07,38052.02
LN0011246,C-05,8.21
LN0011398,C-03,-40.75
LN0011465,C-09,1184.73
LN0011559,C-03,-200.62
LN0011583,C-08,5390.15
LN0011620,C-07,17196.24
LN0011658,C-07,13659.86
LN0011666,C-06,-18.18
LN0011753,C-07,4535.02
LN0011761,C-09,570.87
LN0011769,C-01,142.56
LN0011777,C-08,842.99
LN0011781,C-02,-17875.47
LN0011801,C-04,3775.24
LN0011854,C-08,537.21
LN0011905,C-04,5033.89
LN0011922,C-03,53.51
LN0011980,C-04,10919.53
LN0012018,C-07,14375.5
LN0012047,C-04,12011.76
LN0012068,C-02,-3908.15
LN0012099,C-07,14461.93
LN0012108,C-08,2402.22
LN0012192,C-01,-9384.27
LN0012206,C-02,-17472.83
LN0012236,C-08,520.83
LN0012374,C-02,-17209.31
LN0012410,C-04,20193.56
LN0012413,C-07,12065.57
LN0012424,C-05,5.89
LN0012470,C-05,-212.89999999999998
LN0012475,C-03,55.81
LN0012488,C-06,-14.26
LN0012490,C-02,-27615.56
LN0012517,C-01,179028.83
LN0012525,C-06,-2.37
LN0012576,C-02,-22470.1
LN0012576,C-05,-750.0
LN0012607,C-08,1047.49
LN0012616,C-02,-16361.5
LN0012642,C-06,21.79
LN0012663,C-04,2927.53
LN0012777,C-03,131.86
LN0012865,C-02,-19174.72
LN0012873,C-09,244.0
LN0012904,C-02,-9554.88
LN0012910,C-05,6.18
LN0012935,C-08,26299.13
LN0012951,C-09,229.23
LN0012957,C-03,-10.29
LN0012959,C-03,127.22
LN0012972,C-07,11329.42
LN0012992,C-05,4.75
LN0013005,C-05,5.45
LN0013032,C-03,47.27
LN0013033,C-03,-26.29
LN0013102,C-01,8887.91
LN0013205,C-03,23.03
LN0013259,C-04,8673.93
LN0013305,C-04,16167.5
LN0013322,C-05,12060.48
LN0013322,C-09,2539.05
LN0013343,C-04,23655.94
LN0013383,C-01,56424.52
LN0013399,C-08,14476.44
LN0013422,C-06,12.09
LN0013452,C-05,-500.0
LN0013478,C-06,-5.98
LN0013486,C-05,963.3900000000001
LN0013519,C-04,1104.47
LN0013552,C-07,9592.98
LN0013564,C-01,2774.53
LN0013585,C-09,776.46
LN0013604,C-02,-9780.35
LN0013654,C-09,232.38
LN0013731,C-09,192.41
LN0013733,C-05,13.38
LN0013817,C-02,-48714.4
LN0013824,C-03,-43.72
LN0013863,C-09,815.1
LN0013915,C-03,-56.45
LN0014032,C-05,4.8
LN0014139,C-09,123.56
LN0014142,C-02,-4805.68
LN0014333,C-06,-87.38
LN0014354,C-01,3657.75
LN0014423,C-05,-442.1
LN0014426,C-06,-2.95
LN0014427,C-01,1072.99
LN0014434,C-08,285.69
LN0014482,C-02,-31198.93
LN0014548,C-06,-99.11
LN0014644,C-08,517.21
LN0014688,C-06,-73.34
LN0014716,C-05,23.62
LN0014766,C-04,1530.03
LN0014780,C-08,3187.49
LN0014866,C-09,239.6
LN0014870,C-04,4254.21
LN0014870,C-09,519.27
LN0014875,C-03,97.75
LN0014876,C-08,2286.29
LN0014889,C-01,-405.25
LN0014950,C-06,50.54
LN0015007,C-07,6098.59
LN0015023,C-09,771.61
LN0015059,C-06,-111.71
LN0015095,C-02,-11990.91
LN0015170,C-07,20189.0
LN0015185,C-08,930.55
LN0015187,C-03,29.54
LN0015206,C-08,6978.42
LN0015248,C-07,6450.0
LN0015270,C-05,-457.43
LN0015294,C-04,22289.03
LN0015306,C-03,33.17
LN0015306,C-06,62.17
LN0015356,C-08,3187.8
LN0015387,C-03,74.75
LN0015475,C-08,131.3
LN0015503,C-08,1476.84
LN0015527,C-02,-25061.94
LN0015541,C-03,397.19
LN0015597,C-07,10303.45
LN0015638,C-08,25913.77
LN0015656,C-05,13.04
LN0015750,C-04,36106.28
LN0015773,C-05,324.8399999999999
LN0015780,C-03,179.63
LN0015856,C-03,132.14
LN0015907,C-09,163.03
LN0015935,C-02,-17483.61
LN0015971,C-04,2820.74
LN0016024,C-09,481.53
LN0016089,C-08,2639.03
LN0016140,C-08,212.04
LN0016153,C-04,45615.32
LN0016238,C-02,-23581.42
LN0016364,C-02,-23515.66
LN0016380,C-05,6.95
LN0016388,C-01,1313.46
LN0016495,C-02,-19222.26
LN0016533,C-06,-40.2
LN0016683,C-02,-10019.24
LN0016706,C-03,-622.11
LN0016720,C-07,13096.65
LN0016741,C-03,-248.37
LN0016799,C-07,24646.21
LN0016830,C-08,10283.79
LN0016879,C-02,-80250.0
LN0016929,C-06,18.85
LN0016985,C-06,60.95
LN0017017,C-08,21120.04
LN0017023,C-01,23255.51
LN0017055,C-07,17270.13
LN0017126,C-02,-23973.18
LN0017146,C-01,3421.91
LN0017150,C-03,-946.59
LN0017212,C-02,-72577.93
LN0017418,C-08,589.39
LN0017496,C-06,85.4
LN0017525,C-06,-75.27
LN0017541,C-05,7202.52
LN0017543,C-02,-10475.46
LN0017545,C-08,6883.06
LN0017553,C-07,9106.72
LN0017593,C-05,53.52
LN0017638,C-08,779.8
LN0017653,C-01,6354.53
LN0017676,C-09,3957.22
LN0017741,C-09,960.31
LN0017819,C-03,-244.86
LN0017832,C-06,-100.58
LN0017868,C-03,-323.18
LN0017870,C-03,-145.43
LN0017900,C-06,48.52
LN0017939,C-04,895.63
LN0017977,C-04,725.4
LN0018037,C-05,10.27
LN0018146,C-04,17720.34
LN0018150,C-07,17565.8
LN0018151,C-07,13519.54
LN0018226,C-08,13980.84
LN0018232,C-06,-33.13
LN0018322,C-01,-2525.22
LN0018325,C-03,-105.19
LN0018394,C-09,153.89
LN0018443,C-08,356.2
LN0018456,C-05,4447.52
LN0018522,C-04,9984.02
LN0018530,C-04,2211.72
LN0018558,C-02,-24001.12
LN0018597,C-08,1325.74
LN0018605,C-05,9.0
LN0018675,C-04,43515.97
LN0018713,C-01,41758.98
LN0018738,C-05,-827.09
LN0018760,C-04,20721.87
LN0018804,C-06,-23.56
LN0018814,C-03,-195.01
LN0018818,C-01,-18552.03
LN0018823,C-04,2715.04
LN0018836,C-02,-79088.02
LN0018854,C-06,-0.36
LN0018854,C-07,29269.0
LN0018881,C-03,-380.23
LN0018900,C-06,101.13
LN0019003,C-07,14266.03
LN0019033,C-05,5.68
LN0019076,C-04,35925.05
LN0019108,C-07,1319.26
LN0019110,C-04,2706.58
LN0019194,C-04,22850.83
LN0019214,C-09,1614.12
LN0019219,C-09,589.24
LN0019238,C-06,-21.51
LN0019255,C-09,469.94
LN0019260,C-03,-106.25
LN0019312,C-02,-15501.53
LN0019324,C-04,49582.21
LN0019329,C-03,-835.78
LN0019462,C-02,-25178.29
LN0019486,C-03,-164.14
LN0019518,C-08,25888.14
LN0019536,C-07,16663.66
LN0019577,C-03,-186.27
LN0019591,C-08,29860.42
LN0019615,C-05,5.02
LN0019636,C-06,-52.26
LN0019636,C-09,550.0
LN0019664,C-06,53.37
LN0019676,C-05,9.75
LN0019752,C-09,216.26
LN0019767,C-01,-6444.4
LN0019776,C-04,18267.0
LN0019811,C-02,-10579.56
LN0019827,C-02,-31887.68
LN0019828,C-02,-42457.77
LN0019862,C-09,256.93
LN0019905,C-06,-18.57
LN0019908,C-01,3389.47
LN0019952,C-03,-418.27
LN0019966,C-06,25.54
LN0019972,C-02,-49805.0
LN0019979,C-05,5.69
LN0020039,C-07,12518.57
LN0020042,C-09,222.7
LN0020048,C-08,1642.98
LN0020064,C-07,12636.07
LN0020085,C-09,219.3
LN0020089,C-06,51.8
LN0020116,C-06,42.39
LN0020248,C-08,821.34
LN0020255,C-08,111.69
LN0020295,C-02,-23951.0
LN0020300,C-04,12438.37
LN0020315,C-01,-3283.77
LN0020393,C-09,584.55
LN0020471,C-03,-285.52
LN0020488,C-09,461.8
LN0020515,C-07,11589.83
LN0020549,C-02,-26244.88
LN0020552,C-07,20121.05
LN0020591,C-08,23493.64
LN0020604,C-05,-11.07000000000005
LN0020625,C-06,38.25
LN0020632,C-01,20953.45
LN0020677,C-05,3310.3999999999996
LN0020730,C-02,-9994.19
LN0020749,C-08,11692.72
LN0020825,C-01,72.77
LN0020847,C-03,-294.61
LN0020864,C-05,2630.24
LN0020875,C-09,2431.67
LN0020899,C-05,5.82
LN0020901,C-07,17956.88
LN0020904,C-05,6.02
LN0020928,C-03,-266.92
LN0021000,C-05,6.65
LN0021000,C-06,-130.43
LN0021107,C-03,-77.51
LN0021124,C-07,33825.82
LN0021170,C-04,1668.32
LN0021198,C-01,32669.0
LN0021202,C-09,462.43
LN0021307,C-07,8185.49
LN0021308,C-04,30284.72
LN0021354,C-06,32.02
LN0021384,C-04,7923.85
LN0021390,C-08,2496.06
LN0021393,C-03,-327.22
LN0021410,C-02,-4429.9
LN0021410,C-04,9122.08
LN0021458,C-01,63769.32
LN0021459,C-08,672.27
LN0021473,C-07,38048.42
LN0021493,C-09,109.86
LN0021498,C-01,-3167.23
LN0021517,C-01,-26222.64
LN0021546,C-01,19753.57
LN0021573,C-06,116.7
LN0021674,C-06,-70.26
LN0021679,C-06,-148.41
LN0021730,C-03,-126.1
LN0021764,C-01,36060.41
LN0021771,C-08,4241.59
LN0021775,C-09,701.43
LN0021818,C-07,29023.6
LN0021963,C-09,540.24
LN0021965,C-06,-32.64
LN0022010,C-03,-304.33
LN0022034,C-09,27.89
LN0022054,C-03,-199.92
LN0022058,C-06,-88.58
LN0022084,C-03,-154.34
LN0022136,C-08,703.55
LN0022144,C-02,-8986.19
LN0022174,C-08,435.69
LN0022189,C-02,-15822.65
LN0022189,C-09,1147.67
LN0022233,C-09,316.72
LN0022235,C-04,2299.74
LN0022235,C-09,422.57
LN0022272,C-09,91.38
LN0022285,C-05,-167.64999999999998
LN0022336,C-07,16496.9
LN0022421,C-04,14162.08
LN0022466,C-03,-144.66
LN0022490,C-05,4729.82
LN0022516,C-05,26992.85
LN0022568,C-06,85.77
LN0022570,C-08,20988.47
LN0022589,C-03,-84.81
LN0022597,C-04,27064.92
LN0022624,C-05,361.63
LN0022742,C-03,-392.44
LN0022759,C-07,11085.03
LN0022846,C-02,-2237.53
LN0022850,C-02,-9166.36
LN0022892,C-07,26508.34
LN0022909,C-09,342.48
LN0022932,C-02,-5045.02
LN0022939,C-01,16598.66
LN0023016,C-07,9345.7
LN0023061,C-09,1755.3
LN0023096,C-09,24.43
LN0023121,C-07,18815.03
LN0023133,C-09,677.8
LN0023174,C-03,-90.6
LN0023182,C-05,2574.25
LN0023451,C-08,160.31
LN0023472,C-07,15502.72
LN0023490,C-06,-45.92
LN0023522,C-05,3121.12
LN0023578,C-06,19.5
LN0023602,C-07,27600.31
LN0023619,C-05,8.79
LN0023635,C-01,116.81
LN0023667,C-09,793.36
LN0023677,C-08,1073.55
LN0023709,C-09,1713.06
LN0023727,C-06,-93.49
LN0023751,C-09,960.5
LN0023800,C-01,3516.51
LN0023822,C-01,376.82
LN0023900,C-09,279.66
LN0023904,C-03,0.14
LN0023951,C-01,692.78
LN0023980,C-09,105.83
LN0024167,C-09,708.27
LN0024184,C-07,16437.42
LN0024200,C-04,16573.75
LN0024202,C-02,-6825.26
LN0024215,C-08,4534.33
LN0024225,C-02,-5258.82
LN0024273,C-03,100.92
LN0024275,C-01,3559.04
LN0024302,C-01,8195.22
LN0024337,C-06,-275.2
LN0024367,C-02,-1850.98
LN0024376,C-01,-2426.41
LN0024419,C-04,16455.77
LN0024466,C-07,14381.96
LN0024522,C-01,800.6
LN0024561,C-02,-7944.97
LN0024708,C-01,36811.49
LN0024714,C-07,9775.18
LN0024723,C-02,-8745.39
LN0024723,C-04,3671.42
LN0024726,C-09,527.84
LN0024782,C-07,16862.76
LN0024835,C-09,137.53
LN0024836,C-01,24936.88
LN0024846,C-03,-85.39
LN0024927,C-07,30022.34
LN0024963,C-06,-39.76
LN0025019,C-03,-1.43
LN0025133,C-08,3950.63
LN0025150,C-02,-40.19
LN0025192,C-09,359.25
LN0025216,C-02,-821.5
LN0025283,C-06,-18.49
LN0025299,C-03,-187.7
LN0025314,C-05,11.16
LN0025327,C-09,217.76
LN0025345,C-06,-38.24
LN0025363,C-04,8245.07
LN0025414,C-01,-657.66
LN0025543,C-02,-1094.56
LN0025770,C-05,6856.8
LN0025825,C-01,-1521.2
LN0025841,C-07,8730.81
LN0025843,C-08,5725.26
LN0025846,C-08,4016.01
LN0025888,C-07,20397.34
LN0025912,C-04,2690.83
LN0026018,C-07,20540.38
LN0026027,C-03,-224.32
LN0026045,C-04,25996.69
LN0026106,C-03,46.03
LN0026106,C-08,2941.58
LN0026110,C-05,5.41
LN0026119,C-07,25885.58
LN0026128,C-07,25075.39
LN0026150,C-06,5.42
LN0026158,C-08,1124.91
LN0026252,C-02,-900.65
LN0026292,C-02,-1453.02
LN0026399,C-09,193.72
LN0026433,C-05,502.6199999999999
LN0026445,C-01,473.19
LN0026460,C-01,61899.54
LN0026478,C-05,-465.25
LN0026538,C-03,23.54
LN0026643,C-01,2181.13
LN0026695,C-03,-23.14
LN0026754,C-05,5622.96
LN0026794,C-05,8.92
LN0026828,C-04,11730.33
LN0026843,C-01,717.62
LN0026865,C-04,226.31
LN0026889,C-05,6649.15
LN0026898,C-07,6707.65
LN0026899,C-02,332.85
LN0026924,C-08,304.53
LN0026978,C-01,36803.51
LN0026986,C-02,-31249.41
LN0027035,C-06,44.92
LN0027042,C-09,884.92
LN0027044,C-01,-679.55
LN0027049,C-03,-21.3
LN0027074,C-06,-2.87
LN0027079,C-02,-659.67
LN0027110,C-04,11621.37
LN0027170,C-03,-59.32
LN0027194,C-02,-29435.92
LN0027199,C-04,6008.21
LN0027230,C-07,19103.9
LN0027232,C-07,11127.6
LN0027240,C-02,-36832.27
LN0027279,C-02,-718.26
LN0027312,C-07,17796.87
LN0027316,C-07,20884.61
LN0027348,C-01,34368.87
LN0027354,C-06,-100.81
LN0027357,C-07,18125.67
LN0027358,C-07,6490.04
LN0027415,C-02,-14148.67
LN0027418,C-01,5843.22
LN0027481,C-07,36170.54
LN0027483,C-07,22344.11
LN0027550,C-05,-500.0
LN0027577,C-04,1190.5
LN0027589,C-03,-41.82
LN0027614,C-09,2106.92
LN0027660,C-08,9385.04
LN0027666,C-09,412.71
LN0027714,C-08,139.62
LN0027768,C-07,10464.82
LN0027936,C-06,-50.14
LN0028005,C-04,6745.32
LN0028009,C-05,-372.52
LN0028029,C-08,25216.32
LN0028077,C-05,1824.38
LN0028082,C-08,6666.26
LN0028089,C-02,-16217.99
LN0028097,C-03,14.82
LN0028097,C-08,795.1
LN0028120,C-07,21238.54
LN0028130,C-05,12.15
LN0028177,C-02,-1440.57
LN0028190,C-03,-112.03
LN0028197,C-01,9439.73
LN0028214,C-05,6372.48
LN0028274,C-03,-59.67
LN0028296,C-02,5067.05
LN0028376,C-06,-55.29
LN0028380,C-07,7815.9
LN0028382,C-01,13914.71
LN0028459,C-07,4560.56
LN0028466,C-06,19.53
LN0028470,C-09,999.49
LN0028475,C-08,24898.31
LN0028477,C-02,-1326.15
LN0028533,C-06,-115.47
LN0028533,C-01,27662.0
LN0028581,C-04,93085.08
LN0028657,C-06,152.14
LN0028705,C-01,-2270.11
LN0028719,C-02,3428.32
LN0028721,C-01,-30237.86
LN0028735,C-09,104.55
LN0028848,C-09,105.11
LN0028864,C-04,21037.05
LN0028886,C-04,4010.6
LN0028902,C-03,62.18
LN0028926,C-09,2300.64
LN0028937,C-06,-59.09
LN0028999,C-01,153259.52
LN0029004,C-02,2088.64
LN0029007,C-04,9803.56
LN0029012,C-06,-84.71
LN0029018,C-08,14033.73
LN0029025,C-08,707.71
LN0029073,C-02,3212.66
LN0029077,C-07,21746.57
LN0029121,C-02,1737.53
LN0029179,C-04,5082.0
LN0029273,C-07,12649.96
LN0029290,C-02,-5456.77
LN0029299,C-06,-81.62
LN0029304,C-03,56.56
LN0029313,C-07,8843.85
LN0029392,C-05,6.15
LN0029429,C-03,23.89
LN0029437,C-06,-32.74
LN0029448,C-04,44224.03
LN0029471,C-08,687.4
LN0029517,C-04,9575.16
LN0029527,C-01,6954.03
LN0029611,C-09,77.36
LN0029657,C-09,333.47
LN0029696,C-09,442.84
LN0029703,C-09,323.22
LN0029781,C-09,7.86
LN0029781,C-01,6582.54
LN0029786,C-08,2390.98
LN0029789,C-03,138.3
LN0029795,C-08,295.31
LN0029820,C-08,6279.46
LN0029820,C-09,535.85
LN0029858,C-02,5477.01
LN0029860,C-04,6025.18
LN0029914,C-02,-289.12
LN0029914,C-09,209.21
LN0029925,C-03,161.01
LN0029963,C-04,3131.24
LN0029995,C-01,2111.31
LN0029998,C-06,18.28
LN0030130,C-02,-9011.26
LN0030137,C-06,-162.36
LN0030158,C-02,8545.09
LN0030158,C-07,18594.68
LN0030162,C-04,10384.1
LN0030171,C-01,943.49
LN0030287,C-06,-6.04
LN0030337,C-07,7087.75
LN0030355,C-03,175.09
LN0030435,C-08,2926.74
LN0030563,C-02,7163.98
LN0030694,C-03,236.13
LN0030699,C-06,52.18
LN0030810,C-01,5008.61
LN0030812,C-06,70.57
LN0030947,C-09,2000.57
LN0030968,C-02,9322.98
LN0031061,C-02,716.25
LN0031088,C-02,7021.51
LN0031105,C-02,-10193.07
LN0031109,C-04,18305.66
LN0031156,C-03,-449.9
LN0031179,C-07,12033.19
LN0031186,C-04,8009.89
LN0031187,C-06,79.22
LN0031215,C-07,8649.25
LN0031262,C-05,9.37
LN0031291,C-09,815.63
LN0031338,C-09,419.44
LN0031386,C-08,5101.43
LN0031422,C-05,-484.72
LN0031446,C-08,522.99
LN0031541,C-03,-225.66
LN0031599,C-07,13683.17
LN0031614,C-04,19121.16
LN0031664,C-08,347.44
LN0031671,C-08,300.03
LN0031697,C-09,461.74
LN0031776,C-05,11255.37
LN0031788,C-01,144.72
LN0031844,C-07,13433.25
LN0031883,C-05,5.84
LN0031899,C-09,1626.99
LN0031909,C-03,-180.1
LN0032063,C-02,5693.93
LN0032083,C-08,2988.63
LN0032084,C-01,808.02
LN0032133,C-08,947.42
LN0032141,C-08,87.83
LN0032167,C-03,-100.11
LN0032245,C-08,235.22
LN0032272,C-03,-76.41
LN0032277,C-03,-150.29
LN0032280,C-01,252.36
LN0032316,C-06,-97.17
LN0032329,C-08,7774.84
LN0032339,C-09,361.42
LN0032355,C-08,1352.57
LN0032358,C-04,8365.6
LN0032373,C-06,-86.65
LN0032412,C-02,5531.22
LN0032434,C-06,-53.38
LN0032492,C-01,76258.48
LN0032566,C-05,6223.47
LN0032588,C-05,-126.92000000000002
LN0032591,C-03,-88.08
LN0032669,C-05,-401.87
LN0032674,C-03,-439.45
LN0032711,C-01,151.89
LN0032723,C-07,8654.18
LN0032737,C-05,-199.08999999999997
LN0032881,C-07,22636.24
LN0032966,C-08,8523.71
LN0032972,C-09,316.05
LN0033014,C-05,8.21
LN0033051,C-05,2320.02
LN0033051,C-09,666.33
LN0033055,C-04,660.77
LN0033061,C-05,2046.0500000000002
LN0033097,C-06,-11.43
LN0033169,C-08,454.21
LN0033184,C-03,-664.59
LN0033252,C-05,1349.5100000000002
LN0033288,C-01,-16482.22
LN0033291,C-02,332.81
LN0033362,C-04,21444.72
LN0033377,C-05,-229.94
LN0033394,C-07,21308.94
LN0033456,C-01,17.6
LN0033470,C-08,25210.48
LN0033489,C-01,-498.88
LN0033560,C-02,6208.62
LN0033588,C-03,-247.07
LN0033598,C-07,7413.57
LN0033671,C-05,6.12
LN0033711,C-06,2.07
LN0033752,C-07,7266.64
LN0033754,C-07,16547.76
LN0033774,C-08,1690.71
LN0033805,C-08,485.92
LN0033822,C-05,7271.44
LN0033822,C-07,19856.42
LN0033828,C-09,2112.58
LN0033830,C-09,279.68
LN0033917,C-01,5524.05
LN0033957,C-05,15.82000000000005
LN0034028,C-07,10389.22
LN0034062,C-04,4616.58
LN0034071,C-02,423.41
LN0034096,C-07,9632.78
LN0034111,C-04,26848.82
LN0034128,C-03,-246.29
LN0034130,C-08,2345.34
LN0034150,C-07,6972.59
LN0034266,C-06,-10.66
LN0034285,C-02,-5140.25
LN0034321,C-04,20355.9
LN0034345,C-06,-117.59
LN0034355,C-01,-22447.84
LN0034381,C-02,3195.08
LN0034381,C-07,8039.54
LN0034436,C-02,8623.64
LN0034462,C-03,-120.3
LN0034514,C-07,14778.24
LN0034515,C-07,12102.97
LN0034518,C-08,14526.49
LN0034529,C-05,194.91999999999996
LN0034570,C-03,-45.61
LN0034646,C-09,547.79
LN0034689,C-09,580.88
LN0034692,C-03,-264.9
LN0034727,C-09,1623.96
LN0034766,C-02,2201.78
LN0034794,C-02,7738.94
LN0034804,C-05,18.11
LN0034901,C-03,-75.71
LN0034903,C-03,-202.89
LN0034919,C-07,3665.62
LN0034983,C-09,491.04
LN0035010,C-07,21496.54
LN0035119,C-02,9873.72
LN0035125,C-07,15897.88
LN0035202,C-01,103980.76
LN0035213,C-09,471.84
LN0035275,C-06,181.83
LN0035313,C-07,35641.3
LN0035319,C-01,13683.83
LN0035378,C-03,-107.51
LN0035401,C-02,18515.55
LN0035423,C-05,-408.14
LN0035485,C-01,3736.39
LN0035526,C-07,6823.18
LN0035530,C-08,35636.38
LN0035539,C-03,-246.41
LN0035557,C-01,-20152.04
LN0035571,C-02,564.4
LN0035606,C-02,14.02
LN0035654,C-04,3123.62
LN0035682,C-04,10531.88
LN0035693,C-05,-1000.0
LN0035704,C-05,-157.82999999999998
LN0035717,C-06,60.29
LN0035730,C-05,0.0
LN0035771,C-06,24.9
LN0035901,C-09,589.79
LN0035946,C-01,416.04
LN0036008,C-05,6.22
LN0036025,C-01,61775.2
LN0036035,C-04,5115.66
LN0036058,C-03,-225.7
LN0036201,C-03,-649.24
LN0036214,C-06,-27.59
LN0036258,C-07,6583.13
LN0036264,C-04,31067.75
LN0036309,C-01,508.07
LN0036332,C-08,16850.99
LN0036333,C-07,21634.51
LN0036365,C-04,25370.21
LN0036373,C-01,7627.04
LN0036394,C-06,14.81
LN0036406,C-06,-25.94
LN0036423,C-06,-42.67
LN0036473,C-04,8602.26
LN0036512,C-04,10128.1
LN0036523,C-01,-1925.99
LN0036536,C-07,17079.52
LN0036573,C-03,-417.81
LN0036666,C-08,808.21
LN0036702,C-08,1240.58
LN0036723,C-09,567.94
LN0036805,C-05,735.53
LN0036836,C-07,14295.82
LN0036849,C-09,88.33
LN0036859,C-05,4.97
LN0036965,C-07,13355.5
LN0036985,C-01,1260.65
LN0037129,C-04,38529.92
LN0037132,C-04,2967.47
LN0037198,C-02,5630.64
LN0037237,C-06,54.08
LN0037322,C-02,6069.12
LN0037369,C-02,5072.46
LN0037372,C-06,13.29
LN0037558,C-07,24521.24
LN0037559,C-07,22067.69
LN0037589,C-03,-281.39
LN0037617,C-03,-245.85
LN0037624,C-08,969.0
LN0037658,C-03,-208.84
LN0037697,C-01,1117.7
LN0037764,C-02,1166.96
LN0037768,C-06,14.84
LN0037778,C-02,7934.77
LN0037804,C-05,294.79999999999995
LN0037818,C-01,26335.17
LN0037824,C-07,24622.27
LN0037853,C-07,27617.17
LN0037874,C-08,360.62
LN0037909,C-03,-151.98
LN0037922,C-02,9393.44
LN0037922,C-05,6.28
LN0037936,C-07,13227.24
LN0037941,C-01,19024.39
LN0037982,C-04,2398.54
LN0037991,C-09,182.75
LN0037993,C-02,924.59
LN0038015,C-08,8176.39
LN0038057,C-09,749.61
LN0038074,C-01,666.31
LN0038204,C-07,16744.82
LN0038207,C-04,11421.86
LN0038229,C-03,-45.42
LN0038235,C-08,238.73
LN0038245,C-07,16367.62
LN0038261,C-03,-58.05
LN0038265,C-06,27.54
LN0038268,C-08,6614.91
LN0038405,C-07,6431.29
LN0038432,C-03,-36.82
LN0038470,C-01,910.19
LN0038510,C-06,42.81
LN0038548,C-07,13584.5
LN0038576,C-02,14230.36
LN0038635,C-04,6584.19
LN0038649,C-05,-70.55000000000001
LN0038701,C-05,8930.23
LN0038704,C-04,8805.63
LN0038719,C-04,8192.47
LN0038759,C-09,697.28
LN0038802,C-09,470.23
LN0038815,C-08,650.84
LN0038854,C-06,-5.08
LN0038876,C-01,-59690.22
LN0038930,C-05,6.84
LN0038949,C-04,5984.05
LN0039010,C-06,28.76
LN0039055,C-03,-43.42
LN0039066,C-01,2606.8
LN0039071,C-05,3655.8
LN0039108,C-07,9405.12
LN0039154,UNEXPLAINED,356.75
LN0039178,C-05,8.85
LN0039185,C-03,-153.25
LN0039204,C-05,3894.0600000000004
LN0039205,C-07,17025.08
LN0039206,C-07,11686.56
LN0039226,C-05,0.0
LN0039267,C-03,-168.68
LN0039271,C-06,137.05
LN0039291,C-02,3981.47
LN0039339,C-09,297.34
LN0039356,C-04,23494.35
LN0039444,C-08,262.74
LN0039470,C-04,26399.91
LN0039478,C-02,502.41
LN0039495,C-06,-32.07
LN0039672,C-01,6850.69
LN0039714,C-06,-4.35
LN0039741,C-01,9726.93
LN0039750,C-01,-2415.23
LN0039769,C-08,11285.87
LN0039796,C-03,-54.26
LN0039838,C-06,-24.56
LN0039856,C-01,4057.93
LN0039881,C-08,784.6
LN0039918,C-08,116.6
LN0040047,C-01,5321.83
LN0040081,C-01,-10329.49
LN0040092,C-04,7296.01
LN0040146,C-01,445.9
LN0040170,C-08,18196.05
LN0040180,C-09,384.56
LN0040237,C-05,9.59
LN0040261,C-05,2947.04
LN0040357,C-06,-30.21
LN0040359,C-04,1950.94
LN0040364,C-03,-62.57
LN0040420,C-08,12590.73
LN0040451,C-09,540.23
LN0040451,C-01,14342.87
LN0040468,C-02,3011.21
LN0040483,C-05,18.03
LN0040534,C-06,-18.33
LN0040555,C-03,13.1
LN0040600,C-01,-228.86
LN0040671,C-08,1030.56
LN0040736,C-09,524.41
LN0040759,C-01,-15272.61
LN0040816,C-04,1926.78
LN0040829,C-08,316.09
LN0040895,C-04,51672.46
LN0040917,C-03,-1.92
LN0041098,C-05,1735.88
LN0041145,C-09,1677.55
LN0041180,C-05,0.0
LN0041204,C-08,2070.8
LN0041252,C-03,-142.86
LN0041263,C-05,0.0
LN0041308,C-01,-38909.28
LN0041323,C-05,-98.67000000000002
LN0041342,C-01,5064.09
LN0041418,C-08,16440.67
LN0041477,C-03,-114.14
LN0041490,C-01,15149.01
LN0041502,C-06,-23.25
LN0041524,C-06,5.1
LN0041577,C-02,1118.46
LN0041625,C-06,-99.46
LN0041798,C-06,-12.92
LN0041798,C-09,610.0
LN0041804,C-03,-71.69
LN0041886,C-06,12.17
LN0041960,C-03,-129.5
LN0042114,C-04,3687.16
LN0042204,C-06,56.78
LN0042257,C-01,20315.84
LN0042376,C-04,1480.24
LN0042436,C-01,94398.46
LN0042482,C-06,49.98
LN0042496,C-06,0.03
LN0042502,C-06,-41.82
LN0042565,C-01,-9129.77
LN0042569,C-09,311.29
LN0042609,C-09,197.69
LN0042621,C-03,-139.92
LN0042697,C-01,2683.45
LN0042743,C-03,-78.63
LN0042745,C-05,62.16999999999996
LN0042749,C-06,-12.59
LN0042792,C-03,-79.95
LN0042859,C-02,2738.75
LN0042913,C-08,297.47
LN0043073,C-06,5.79
LN0043089,C-04,5652.22
LN0043154,C-01,4514.6
LN0043187,C-04,13767.76
LN0043189,C-01,4042.47
LN0043332,C-08,758.02
LN0043338,C-01,6963.31
LN0043344,C-01,21759.57
LN0043358,C-02,475.66
LN0043423,C-01,14214.42
LN0043429,C-01,33116.46
LN0043435,C-08,2145.74
LN0043468,C-04,7616.6
LN0043517,C-05,18.68
LN0043535,C-08,1024.11
LN0043569,C-03,-61.35
LN0043598,C-01,-9269.6
LN0043608,C-03,-19.79
LN0043608,C-05,-233.54
LN0043744,C-05,9.45
LN0043779,C-06,-95.16
LN0043784,C-04,971.55
LN0043816,C-08,3043.99
LN0043845,C-02,584.45
LN0043933,C-03,-7.35
LN0043994,C-09,212.65
LN0043999,C-06,-31.22
LN0044008,C-08,107.8
LN0044036,C-09,3123.53
LN0044059,C-08,254.54
LN0044070,C-05,-1449.6399999999999
LN0044071,C-04,10644.34
LN0044071,C-08,20428.22
LN0044077,C-02,2566.03
LN0044103,C-04,16465.66
LN0044161,C-06,92.95
LN0044198,C-09,180.21
LN0044246,C-03,122.46
LN0044372,C-05,5.4
LN0044408,C-09,320.28
LN0044427,C-06,-42.23
LN0044447,C-04,11889.36
LN0044456,C-02,555.75
LN0044467,C-03,46.14
LN0044489,C-09,75.93
LN0044501,C-08,313.09
LN0044507,C-06,57.54
LN0044576,C-08,35.26
LN0044602,C-05,6.71
LN0044716,C-01,-904.5
LN0044717,C-09,949.42
LN0044817,C-03,47.28
LN0044837,C-05,6973.44
LN0044929,C-04,2630.87
LN0044942,C-06,16.41
LN0044967,C-08,15974.14
LN0044967,C-01,3593.7
LN0044973,C-09,327.9
LN0044980,C-03,73.34
LN0045024,C-01,10680.29
LN0045073,C-02,2162.41
LN0045073,C-01,-8972.65
LN0045085,C-02,1410.08
LN0045138,C-05,5.04
LN0045171,C-01,6855.03
LN0045179,C-01,15755.7
LN0045208,C-01,13562.68
LN0045225,C-03,73.32
LN0045261,C-05,328.57000000000005
LN0045305,C-09,291.15
LN0045306,C-09,725.02
LN0045308,C-08,2631.69
LN0045329,C-04,18198.91
LN0045336,C-04,3378.98
LN0045348,C-04,1945.37
LN0045357,C-03,-356.85
LN0045360,C-01,-1202.94
LN0045365,C-08,1297.97
LN0045369,C-01,18279.31
LN0045390,C-03,-90.08
LN0045438,C-06,-27.19
LN0045503,C-03,-144.59
LN0045646,C-01,-17037.73
LN0045660,C-05,12.35
LN0045733,C-08,274.73
LN0045745,C-02,1713.59
LN0045749,C-06,-33.23
LN0045772,C-03,-229.17
LN0045776,C-01,58.4
LN0045883,C-01,5066.27
LN0045892,C-09,3577.94
LN0045955,C-05,5.46
LN0045987,C-09,279.46
LN0045995,C-03,-251.63
LN0046212,C-04,4892.74
LN0046213,C-02,2206.96
LN0046243,C-04,7408.84
LN0046270,C-06,72.7
LN0046293,C-05,2187.15
LN0046314,C-04,36789.07
LN0046329,C-09,207.71
LN0046353,C-05,5.73
LN0046353,C-01,12956.95
LN0046377,C-02,295.63
LN0046381,C-02,861.59
LN0046524,C-05,6.26
LN0046540,C-05,-189.08000000000004
LN0046575,C-05,28.49
LN0046583,C-05,8.59
LN0046612,C-06,155.15
LN0046614,C-09,1359.19
LN0046615,C-09,784.46
LN0046627,C-03,-107.12
LN0046670,C-05,6.82
LN0046703,C-01,21079.61
LN0046763,C-03,-1.16
LN0046764,C-05,6.46
LN0046798,C-01,2661.42
LN0046866,C-09,83.69
LN0046871,C-06,34.25
LN0046892,C-06,-79.74
LN0046907,C-06,5.37
LN0046944,C-09,175.91
LN0047009,C-01,526.64
LN0047069,C-02,1798.86
LN0047112,C-08,7213.08
LN0047113,C-09,166.52
LN0047126,C-08,2185.73
LN0047152,C-06,33.65
LN0047190,C-09,62.66
LN0047191,C-02,1351.3
LN0047192,C-04,8075.68
LN0047235,C-04,17743.38
LN0047485,C-05,6.24
LN0047490,C-08,1601.13
LN0047508,C-02,3850.15
LN0047548,C-02,2741.72
LN0047602,C-08,1759.47
LN0047623,C-05,7437.95
LN0047783,C-03,-91.65
LN0047808,C-09,433.88
LN0047849,C-03,-121.03
LN0047920,C-02,3794.74
LN0048029,C-05,7228.09
LN0048068,C-02,1645.89
LN0048141,C-04,11535.0
LN0048157,C-08,15161.69
LN0048194,C-08,113.6
LN0048211,C-08,178.42
LN0048261,C-08,19566.19
LN0048307,C-05,3240.92
LN0048348,C-03,-50.79
LN0048386,C-04,9505.75
LN0048638,C-09,289.38
LN0048663,C-05,7201.14
LN0048689,C-03,-172.38
LN0048787,C-01,5177.88
LN0048799,C-09,247.45
LN0048809,C-03,-245.99
LN0048819,C-08,2848.22
LN0048845,C-01,-875.84
LN0048856,C-06,-8.04
LN0048870,C-06,12.47
LN0048892,C-04,1459.52
LN0048981,C-04,504.92
LN0048988,C-03,66.09
LN0048989,C-05,5.19
LN0049053,C-09,288.7
LN0049069,C-01,3182.11
LN0049149,C-05,4981.72
LN0049171,C-05,31.06
LN0049229,C-06,107.06
LN0049292,C-01,-1198.22
LN0049316,C-09,613.87
LN0049326,C-01,31718.04
LN0049394,C-08,351.91
LN0049444,C-01,21192.41
LN0049500,C-06,20.5
LN0049510,C-05,6.81
LN0049552,C-05,4.57
LN0049589,C-02,9965.1
LN0049592,C-04,488.47
LN0049618,C-05,19.91
LN0049681,C-09,194.79
LN0049684,C-06,24.61
LN0049739,C-01,-155.39
LN0049743,C-02,4184.08
LN0049757,C-06,11.47
LN0049760,C-04,1887.59
LN0049768,C-09,276.78
LN0049777,C-03,-30.92
LN0049830,C-01,9396.61
LN0049886,C-03,-171.26
